--DROP USER PANADERIA_SAN_CARLOS CASCADE;
CREATE USER PANADERIA_SAN_CARLOS IDENTIFIED BY "P@ssw0rd" ACCOUNT UNLOCK;
GRANT RESOURCE, CONNECT TO PANADERIA_SAN_CARLOS;
GRANT UNLIMITED TABLESPACE TO PANADERIA_SAN_CARLOS;

ALTER SESSION SET CURRENT_SCHEMA = PANADERIA_SAN_CARLOS;

-- Crear la secuencia para la generación de ID
CREATE SEQUENCE TIPO_TURNO_SEQ
  START WITH 1
  INCREMENT BY 1
  NOCACHE
  NOCYCLE;

-- Crear la tabla TIPO_TURNO
CREATE TABLE TIPO_TURNO (
  ID_TIPO_TURNO NUMBER DEFAULT TIPO_TURNO_SEQ.NEXTVAL NOT NULL,
  COD_TIPO_TURNO NVARCHAR2(10) NOT NULL,
  DESCRIPCION NVARCHAR2(40),
  ESTADO CHAR(1),
  CONSTRAINT PK_COD_TIPO_TURNO PRIMARY KEY (COD_TIPO_TURNO)
);

-- Crear la secuencia para la generación de ID
CREATE SEQUENCE SUCURSAL_SEQ
  START WITH 1
  INCREMENT BY 1
  NOCACHE
  NOCYCLE;

-- Crear la tabla SUCURSAL
CREATE TABLE SUCURSAL (
  ID_SUCURSAL NUMBER DEFAULT SUCURSAL_SEQ.NEXTVAL NOT NULL,
  COD_SUCURSAL NVARCHAR2(10) NOT NULL,
  NOMBRE NVARCHAR2(40),
  DIRECCION NVARCHAR2(50),
  ESTADO CHAR(1),
  COD_EMPRESA NVARCHAR2(10),
  COD_RUTA NVARCHAR2(10),
  CONSTRAINT PK_CODSUCURSAL_SUCURSAL PRIMARY KEY (COD_SUCURSAL)
);

-- Crear la secuencia para la generación de ID
CREATE SEQUENCE ESTADO_PEDIDO_SEQ
  START WITH 1
  INCREMENT BY 1
  NOCACHE
  NOCYCLE;

-- Crear la tabla ESTADO_PEDIDO
CREATE TABLE ESTADO_PEDIDO (
  ID_ESTADO_PEDIDO NUMBER DEFAULT ESTADO_PEDIDO_SEQ.NEXTVAL NOT NULL,
  COD_ESTADO_PEDIDO NVARCHAR2(10) NOT NULL,
  DESCRIPCION NVARCHAR2(40),
  ESTADO CHAR(1),
  CONSTRAINT PK_COD_ESTADO_PEDIDO PRIMARY KEY (COD_ESTADO_PEDIDO)
);

-- Crear la secuencia para la generación de ID
CREATE SEQUENCE PEDIDO_ENCABEZADO_SEQ
  START WITH 1
  INCREMENT BY 1
  NOCACHE
  NOCYCLE;

-- Crear la tabla PEDIDO_ENCABEZADO
CREATE TABLE PEDIDO_ENCABEZADO (
  ID_PEDIDO NUMBER DEFAULT PEDIDO_ENCABEZADO_SEQ.NEXTVAL NOT NULL,
  COD_PEDIDO NVARCHAR2(10) NOT NULL,
  FECHA DATE,
  COD_SUCURSAL NVARCHAR2(10),
  COD_USUARIO_PEDIDO NVARCHAR2(10),
  COMENTARIO NVARCHAR2(50),
  COD_ESTADO_PEDIDO NVARCHAR2(10),
  COD_TIPO_TURNO NVARCHAR2(10),
  CONSTRAINT PK_COD_PEDIDO_PEDIDO PRIMARY KEY (COD_PEDIDO)
);

-- Crear la secuencia para la tabla PRODUCTO_CLASE
CREATE SEQUENCE PRODUCTO_CLASE_SEQ
  START WITH 1
  INCREMENT BY 1
  NOCACHE
  NOCYCLE;

-- Crear la tabla PRODUCTO_CLASE
CREATE TABLE PRODUCTO_CLASE (
  ID_PRODUCTO_CLASE NUMBER DEFAULT PRODUCTO_CLASE_SEQ.NEXTVAL NOT NULL,
  COD_PRODUCTO_CLASE NVARCHAR2(10) NOT NULL,
  DESCRIPCION NVARCHAR2(40),
  ESTADO CHAR(1),
  CONSTRAINT PK_CODPRODUCTOCLASE_PRODUCTOCLASE PRIMARY KEY (COD_PRODUCTO_CLASE)
);

-- Crear la secuencia para la tabla PRODUCTO
CREATE SEQUENCE PRODUCTO_SEQ
  START WITH 1
  INCREMENT BY 1
  NOCACHE
  NOCYCLE;

-- Crear la tabla PRODUCTO
CREATE TABLE PRODUCTO (
  ID_PRODUCTO NUMBER DEFAULT PRODUCTO_SEQ.NEXTVAL NOT NULL,
  COD_PRODUCTO NVARCHAR2(10) NOT NULL,
  DESCRIPCION NVARCHAR2(40),
  EXISTENCIA NUMBER(18, 4),
  COSTO_REFERENCIA NUMBER(18, 2),
  PRECIO NUMBER(18, 2),
  ESTADO CHAR(1),
  COD_PRODUCTO_CLASE NVARCHAR2(10),
  COD_UNIDAD_MEDIDA NVARCHAR2(10),
  CONSTRAINT PK_COD_PRODUCTO_PRODUCTO PRIMARY KEY (COD_PRODUCTO)
);

-- Crear la secuencia para la tabla EMPLEADO
CREATE SEQUENCE EMPLEADO_SEQ
  START WITH 1
  INCREMENT BY 1
  NOCACHE
  NOCYCLE;

-- Crear la tabla EMPLEADO
CREATE TABLE EMPLEADO (
  ID_EMPLEADO NUMBER DEFAULT EMPLEADO_SEQ.NEXTVAL NOT NULL,
  COD_EMPLEADO NVARCHAR2(10) NOT NULL,
  NOMBRE NVARCHAR2(20),
  APELLIDO NVARCHAR2(20),
  DPI NVARCHAR2(13),
  FECHA_NACIMIENTO DATE,
  DIRECCION NVARCHAR2(50),
  ESTADO CHAR(1),
  COD_EMPRESA NVARCHAR2(10),
  COD_PUESTO NVARCHAR2(10),
  SALARIO_MENSUAL NUMBER(18, 2),
  FECHA_CONTRATACION DATE,
  FECHA_BAJA DATE,
  CONSTRAINT PK_CODEMPLEADO_EMPLEADO PRIMARY KEY (COD_EMPLEADO)
);

-- Crear la secuencia para la tabla EMPRESA
CREATE SEQUENCE EMPRESA_SEQ
  START WITH 1
  INCREMENT BY 1
  NOCACHE
  NOCYCLE;

-- Crear la tabla EMPRESA
CREATE TABLE EMPRESA (
  ID_EMPRESA NUMBER DEFAULT EMPRESA_SEQ.NEXTVAL NOT NULL,
  COD_EMPRESA NVARCHAR2(10) NOT NULL,
  NOMBRE_COMERCIAL NVARCHAR2(75),
  RAZON_SOCIAL NVARCHAR2(75),
  NIT NVARCHAR2(13),
  REPRESENTANTE_LEGAL NVARCHAR2(50),
  DIRECCION NVARCHAR2(75),
  ESTADO CHAR(1),
  FECHA_CREACION TIMESTAMP,
  CONSTRAINT PK_CODEMPRESA_EMPRESA PRIMARY KEY (COD_EMPRESA)
);

-- Crear la secuencia para la tabla PEDIDO_DETALLE
CREATE SEQUENCE PEDIDO_DETALLE_SEQ
  START WITH 1
  INCREMENT BY 1
  NOCACHE
  NOCYCLE;

-- Crear la tabla PEDIDO_DETALLE
CREATE TABLE PEDIDO_DETALLE (
  ID_DETALLE_PEDIDO NUMBER DEFAULT PEDIDO_DETALLE_SEQ.NEXTVAL NOT NULL,
  COD_PEDIDO NVARCHAR2(10),
  COD_PRODUCTO_FINAL NVARCHAR2(10),
  CANTIDAD NUMBER(18, 4),
  CONSTRAINT PK_ID_DETALLE_PEDIDO PRIMARY KEY (ID_DETALLE_PEDIDO)
);

-- Crear la secuencia para la tabla PRODUCCION_DETALLE_MATERIAL_UTILIZADO
CREATE SEQUENCE PRODUCCION_DETALLE_MATERIAL_UTILIZADO_SEQ
  START WITH 1
  INCREMENT BY 1
  NOCACHE
  NOCYCLE;

-- Crear la tabla PRODUCCION_DETALLE_MATERIAL_UTILIZADO
CREATE TABLE PRODUCCION_DETALLE_MATERIAL_UTILIZADO (
  ID_DETALLE_MATERIAL_UTILIZADO NUMBER DEFAULT PRODUCCION_DETALLE_MATERIAL_UTILIZADO_SEQ.NEXTVAL NOT NULL,
  COD_PRODUCCION NUMBER,
  COD_PRODUCTO_MATERIAL NVARCHAR2(10),
  CANTIDAD NUMBER(18, 4),
  CONSTRAINT PK_ID_DETALLE_MATERIAL_UTILIZADO PRIMARY KEY (ID_DETALLE_MATERIAL_UTILIZADO)
);


-- Crear la secuencia para la tabla PRODUCCION_DETALLE_PEDIDO
CREATE SEQUENCE PRODUCCION_DETALLE_PEDIDO_SEQ
  START WITH 1
  INCREMENT BY 1
  NOCACHE
  NOCYCLE;

-- Crear la tabla PRODUCCION_DETALLE_PEDIDO
CREATE TABLE PRODUCCION_DETALLE_PEDIDO (
  ID_PRODUCCION_DETALLE_PEDIDO NUMBER DEFAULT PRODUCCION_DETALLE_PEDIDO_SEQ.NEXTVAL NOT NULL,
  COD_PRODUCCION NUMBER,
  COD_PEDIDO NVARCHAR2(10),
  CONSTRAINT PK_ID_PRODUCCION_DETALLE_PEDIDO PRIMARY KEY (ID_PRODUCCION_DETALLE_PEDIDO)
);

-- Crear la secuencia para la tabla PRODUCCION_DETALLE_PRODUCTO_FINAL
CREATE SEQUENCE PRODUCCION_DETALLE_PRODUCTO_FINAL_SEQ
  START WITH 1
  INCREMENT BY 1
  NOCACHE
  NOCYCLE;

-- Crear la tabla PRODUCCION_DETALLE_PRODUCTO_FINAL
CREATE TABLE PRODUCCION_DETALLE_PRODUCTO_FINAL (
  ID_DETALLE_PRODUCTO_FINAL NUMBER DEFAULT PRODUCCION_DETALLE_PRODUCTO_FINAL_SEQ.NEXTVAL NOT NULL,
  COD_PRODUCCION NUMBER,
  COD_PRODUCTO_FINAL NVARCHAR2(10),
  CANTIDAD NUMBER(18, 4),
  CONSTRAINT PK_ID_DETALLE_PRODUCTO_FINAL PRIMARY KEY (ID_DETALLE_PRODUCTO_FINAL)
);

-- Crear la secuencia para la tabla PRODUCCION_ENCABEZADO
CREATE SEQUENCE PRODUCCION_ENCABEZADO_SEQ
  START WITH 1
  INCREMENT BY 1
  NOCACHE
  NOCYCLE;

-- Crear la tabla PRODUCCION_ENCABEZADO
CREATE TABLE PRODUCCION_ENCABEZADO (
  COD_PRODUCCION NUMBER DEFAULT PRODUCCION_ENCABEZADO_SEQ.NEXTVAL NOT NULL,
  FECHA DATE,
  COD_USUARIO_PANIFICADOR NVARCHAR2(10),
  CONSTRAINT PK_CODPRODUCCION_PRODUCCION PRIMARY KEY (COD_PRODUCCION)
);

-- Crear la secuencia
CREATE SEQUENCE SEQ_PUESTO_ID
  START WITH 1
  INCREMENT BY 1
  NOMAXVALUE
  CACHE 20;

-- Crear la tabla
CREATE TABLE PUESTO (
  ID_PUESTO_EMPLEADO NUMBER DEFAULT SEQ_PUESTO_ID.NEXTVAL NOT NULL,
  COD_PUESTO NVARCHAR2(10) NOT NULL,
  NOMBRE NVARCHAR2(40),
  DESCRIPCION NVARCHAR2(100),
  ESTADO CHAR(1),
  FECHA_CREACION DATE,
  CONSTRAINT PK_CODPUESTO_PUESTO PRIMARY KEY (COD_PUESTO)
);

-- Crear la secuencia
CREATE SEQUENCE SEQ_RECETA_DETALLE_ID
  START WITH 1
  INCREMENT BY 1
  NOMAXVALUE
  CACHE 20;

-- Crear la tabla
CREATE TABLE RECETA_DETALLE (
  ID_RECETA_DETALLE NUMBER DEFAULT SEQ_RECETA_DETALLE_ID.NEXTVAL NOT NULL,
  COD_RECETA NVARCHAR2(10),
  COD_PRODUCTO_MATERIAL NVARCHAR2(10),
  CANTIDAD NUMBER(18, 4),
  ESTADO CHAR(1),
  CONSTRAINT PK_IDRECETADETALLE_RECETADETALLE PRIMARY KEY (ID_RECETA_DETALLE)
);

-- Crear la secuencia
CREATE SEQUENCE SEQ_RECETA_ENCABEZADO_ID
  START WITH 1
  INCREMENT BY 1
  NOMAXVALUE
  CACHE 20;

-- Crear la tabla
CREATE TABLE RECETA_ENCABEZADO (
  ID_RECETA NUMBER DEFAULT SEQ_RECETA_ENCABEZADO_ID.NEXTVAL NOT NULL,
  COD_RECETA NVARCHAR2(10) NOT NULL,
  COD_PRODUCTO_FINAL NVARCHAR2(10),
  DESCRIPCION NVARCHAR2(40),
  ESTADO CHAR(1),
  CONSTRAINT PK_COD_RECETARECETA PRIMARY KEY (COD_RECETA)
);

-- Crear la secuencia
CREATE SEQUENCE SEQ_RUTA_ID
  START WITH 1
  INCREMENT BY 1
  NOMAXVALUE
  CACHE 20;

-- Crear la tabla
CREATE TABLE RUTA (
  ID_RUTA NUMBER DEFAULT SEQ_RUTA_ID.NEXTVAL NOT NULL,
  COD_RUTA NVARCHAR2(10) NOT NULL,
  NOMBRE NVARCHAR2(40),
  COD_USUARIO_REPARTIDOR NVARCHAR2(10),
  ESTADO CHAR(1),
  CONSTRAINT PK_CODRUTA_RUTA PRIMARY KEY (COD_RUTA)
);

-- Crear la secuencia
CREATE SEQUENCE SEQ_UNIDAD_MEDIDA_ID
  START WITH 1
  INCREMENT BY 1
  NOMAXVALUE
  CACHE 20;

-- Crear la tabla
CREATE TABLE UNIDAD_MEDIDA (
  ID_UNIDAD_MEDIDA NUMBER DEFAULT SEQ_UNIDAD_MEDIDA_ID.NEXTVAL NOT NULL,
  COD_UNIDAD_MEDIDA NVARCHAR2(10) NOT NULL,
  DESCRIPCION NVARCHAR2(40),
  ESTADO CHAR(1),
  CONSTRAINT PK_CODUNIDADMEDIDA_UNIDADMEDIDA PRIMARY KEY (COD_UNIDAD_MEDIDA)
);

-- Crear la secuencia
CREATE SEQUENCE SEQ_USUARIO_ID
  START WITH 1
  INCREMENT BY 1
  NOMAXVALUE
  CACHE 20;

-- Crear la tabla
CREATE TABLE USUARIO (
  ID_USUARIO NUMBER DEFAULT SEQ_USUARIO_ID.NEXTVAL NOT NULL,
  COD_USUARIO NVARCHAR2(10) NOT NULL,
  PASSWORD NVARCHAR2(20),
  ESTADO CHAR(1),
  COD_EMPLEADO NVARCHAR2(10),
  CONSTRAINT PK_CODUSUARIO_USUARIO PRIMARY KEY (COD_USUARIO)
);

--INSERT EMPLEADO
INSERT INTO EMPLEADO (COD_EMPLEADO, NOMBRE, APELLIDO, DPI, FECHA_NACIMIENTO, DIRECCION, ESTADO, COD_EMPRESA, COD_PUESTO, SALARIO_MENSUAL, FECHA_CONTRATACION, FECHA_BAJA) 
VALUES ('EMP001', 'KEVIN', 'GALVÉZ', '2108089895123', TO_DATE('1980-01-23', 'YYYY-MM-DD'), 'Coatepeque', 'A', 'EM001', 'PU001', 6000.00, TO_DATE('2010-01-01', 'YYYY-MM-DD'), NULL);

INSERT INTO EMPLEADO (COD_EMPLEADO, NOMBRE, APELLIDO, DPI, FECHA_NACIMIENTO, DIRECCION, ESTADO, COD_EMPRESA, COD_PUESTO, SALARIO_MENSUAL, FECHA_CONTRATACION, FECHA_BAJA) 
VALUES ('EMP002', 'ALBERTO', 'MARROQUIN', '1234567891234', TO_DATE('1992-01-01', 'YYYY-MM-DD'), 'Genova', 'A', 'EM001', 'PU002', 4000.00, TO_DATE('2011-01-01', 'YYYY-MM-DD'), NULL);

INSERT INTO EMPLEADO (COD_EMPLEADO, NOMBRE, APELLIDO, DPI, FECHA_NACIMIENTO, DIRECCION, ESTADO, COD_EMPRESA, COD_PUESTO, SALARIO_MENSUAL, FECHA_CONTRATACION, FECHA_BAJA) 
VALUES ('EMP003', 'JOSUA', 'REYES', '1234567891111', TO_DATE('1992-12-12', 'YYYY-MM-DD'), 'Las Delicias', 'A', 'EM001', 'PU003', 3500.00, TO_DATE('2012-01-01', 'YYYY-MM-DD'), NULL);

INSERT INTO EMPLEADO (COD_EMPLEADO, NOMBRE, APELLIDO, DPI, FECHA_NACIMIENTO, DIRECCION, ESTADO, COD_EMPRESA, COD_PUESTO, SALARIO_MENSUAL, FECHA_CONTRATACION, FECHA_BAJA) 
VALUES ('EMP004', 'MARICELA', 'RODAS', '1234567893333', TO_DATE('1999-01-01', 'YYYY-MM-DD'), 'Las Delicias', 'A', 'EM001', 'PU004', 3000.00, TO_DATE('2013-01-01', 'YYYY-MM-DD'), NULL);

INSERT INTO EMPLEADO (COD_EMPLEADO, NOMBRE, APELLIDO, DPI, FECHA_NACIMIENTO, DIRECCION, ESTADO, COD_EMPRESA, COD_PUESTO, SALARIO_MENSUAL, FECHA_CONTRATACION, FECHA_BAJA) 
VALUES ('EMP005', 'GIANNA', 'REYES', '1234567894444', TO_DATE('2000-01-01', 'YYYY-MM-DD'), 'Las Delicias', 'A', 'EM001', 'PU004', 3000.00, TO_DATE('2014-01-01', 'YYYY-MM-DD'), NULL);

INSERT INTO EMPLEADO (COD_EMPLEADO, NOMBRE, APELLIDO, DPI, FECHA_NACIMIENTO, DIRECCION, ESTADO, COD_EMPRESA, COD_PUESTO, SALARIO_MENSUAL, FECHA_CONTRATACION, FECHA_BAJA) 
VALUES ('EMP006', 'JOSE', 'LOPEZ', '1234567895555', TO_DATE('1998-01-01', 'YYYY-MM-DD'), 'La Reforma', 'A', 'EM001', 'PU004', 3000.00, TO_DATE('2015-01-01', 'YYYY-MM-DD'), NULL);

INSERT INTO EMPLEADO (COD_EMPLEADO, NOMBRE, APELLIDO, DPI, FECHA_NACIMIENTO, DIRECCION, ESTADO, COD_EMPRESA, COD_PUESTO, SALARIO_MENSUAL, FECHA_CONTRATACION, FECHA_BAJA) 
VALUES ('EMP007', 'JUAN', 'LOPEZ', '1234567896666', TO_DATE('1996-01-01', 'YYYY-MM-DD'), 'La Reforma', 'A', 'EM001', 'PU004', 3000.00, TO_DATE('2016-01-01', 'YYYY-MM-DD'), NULL);

INSERT INTO EMPLEADO (COD_EMPLEADO, NOMBRE, APELLIDO, DPI, FECHA_NACIMIENTO, DIRECCION, ESTADO, COD_EMPRESA, COD_PUESTO, SALARIO_MENSUAL, FECHA_CONTRATACION, FECHA_BAJA) 
VALUES ('EMP008', 'MAGDA', 'REYES', '1234567897777', TO_DATE('1981-01-01', 'YYYY-MM-DD'), 'La Reforma', 'A', 'EM001', 'PU004', 3000.00, TO_DATE('2017-01-01', 'YYYY-MM-DD'), NULL);

--INSERT EMPRESA
INSERT INTO EMPRESA (COD_EMPRESA, NOMBRE_COMERCIAL, RAZON_SOCIAL, NIT, REPRESENTANTE_LEGAL, DIRECCION, ESTADO, FECHA_CREACION) 
VALUES ('EM001', 'Panadería San Carlos', 'Panadería San Carlos S.A.', '7070800-8', 'Kevin Galvez', 'Barrio La Batalla, Coatepeque, Quetzaltenango', 'A', TIMESTAMP '2022-09-23 22:00:00.000');

--INSERT ESTADO PEDIDO
INSERT INTO ESTADO_PEDIDO (COD_ESTADO_PEDIDO, DESCRIPCION, ESTADO) 
VALUES ('EP001', 'INGRESADO', 'A');

INSERT INTO ESTADO_PEDIDO (COD_ESTADO_PEDIDO, DESCRIPCION, ESTADO) 
VALUES ('EP002', 'EN PRODUCCION', 'A');

INSERT INTO ESTADO_PEDIDO (COD_ESTADO_PEDIDO, DESCRIPCION, ESTADO) 
VALUES ('EP003', 'EN BODEGA LISTO PARA ENVÍO', 'A');

INSERT INTO ESTADO_PEDIDO (COD_ESTADO_PEDIDO, DESCRIPCION, ESTADO) 
VALUES ('EP004', 'ENVIADO A SUCURSAL', 'A');

--INSERT PEDIDO DETALLE
INSERT INTO PEDIDO_DETALLE (COD_PEDIDO, COD_PRODUCTO_FINAL, CANTIDAD) 
VALUES ('PE001', 'PF002', CAST(300.0000 AS NUMBER(18, 4)));

INSERT INTO PEDIDO_DETALLE (COD_PEDIDO, COD_PRODUCTO_FINAL, CANTIDAD) 
VALUES ('PE001', 'PF003', CAST(80.0000 AS NUMBER(18, 4)));

INSERT INTO PEDIDO_DETALLE (COD_PEDIDO, COD_PRODUCTO_FINAL, CANTIDAD) 
VALUES ('PE001', 'PF004', CAST(600.0000 AS NUMBER(18, 4)));

INSERT INTO PEDIDO_DETALLE (COD_PEDIDO, COD_PRODUCTO_FINAL, CANTIDAD) 
VALUES ('PE001', 'PF005', CAST(300.0000 AS NUMBER(18, 4)));

INSERT INTO PEDIDO_DETALLE (COD_PEDIDO, COD_PRODUCTO_FINAL, CANTIDAD) 
VALUES ('PE001', 'PF006', CAST(20.0000 AS NUMBER(18, 4)));

INSERT INTO PEDIDO_DETALLE (COD_PEDIDO, COD_PRODUCTO_FINAL, CANTIDAD) 
VALUES ('PE001', 'PF007', CAST(20.0000 AS NUMBER(18, 4)));

INSERT INTO PEDIDO_DETALLE (COD_PEDIDO, COD_PRODUCTO_FINAL, CANTIDAD) 
VALUES ('PE001', 'PF008', CAST(150.0000 AS NUMBER(18, 4)));

INSERT INTO PEDIDO_DETALLE (COD_PEDIDO, COD_PRODUCTO_FINAL, CANTIDAD) 
VALUES ('PE001', 'PF009', CAST(200.0000 AS NUMBER(18, 4)));

INSERT INTO PEDIDO_DETALLE (COD_PEDIDO, COD_PRODUCTO_FINAL, CANTIDAD) 
VALUES ('PE002', 'PF002', CAST(500.0000 AS NUMBER(18, 4)));

INSERT INTO PEDIDO_DETALLE (COD_PEDIDO, COD_PRODUCTO_FINAL, CANTIDAD) 
VALUES ('PE002', 'PF003', CAST(80.0000 AS NUMBER(18, 4)));

INSERT INTO PEDIDO_DETALLE (COD_PEDIDO, COD_PRODUCTO_FINAL, CANTIDAD) 
VALUES ('PE002', 'PF004', CAST(700.0000 AS NUMBER(18, 4)));

INSERT INTO PEDIDO_DETALLE (COD_PEDIDO, COD_PRODUCTO_FINAL, CANTIDAD) 
VALUES ('PE002', 'PF005', CAST(300.0000 AS NUMBER(18, 4)));

INSERT INTO PEDIDO_DETALLE (COD_PEDIDO, COD_PRODUCTO_FINAL, CANTIDAD) 
VALUES ('PE002', 'PF006', CAST(15.0000 AS NUMBER(18, 4)));

INSERT INTO PEDIDO_DETALLE (COD_PEDIDO, COD_PRODUCTO_FINAL, CANTIDAD) 
VALUES ('PE002', 'PF007', CAST(10.0000 AS NUMBER(18, 4)));

INSERT INTO PEDIDO_DETALLE (COD_PEDIDO, COD_PRODUCTO_FINAL, CANTIDAD) 
VALUES ('PE002', 'PF008', CAST(80.0000 AS NUMBER(18, 4)));

INSERT INTO PEDIDO_DETALLE (COD_PEDIDO, COD_PRODUCTO_FINAL, CANTIDAD) 
VALUES ('PE002', 'PF009', CAST(150.0000 AS NUMBER(18, 4)));

INSERT INTO PEDIDO_DETALLE (COD_PEDIDO, COD_PRODUCTO_FINAL, CANTIDAD) 
VALUES ('PE003', 'PF001', CAST(2.0000 AS NUMBER(18, 4)));

INSERT INTO PEDIDO_DETALLE (COD_PEDIDO, COD_PRODUCTO_FINAL, CANTIDAD) 
VALUES ('PE003', 'PF002', CAST(2.0000 AS NUMBER(18, 4)));

--INSERT ENCABEZADO PEDIDO
INSERT INTO PEDIDO_ENCABEZADO (COD_PEDIDO, FECHA, COD_SUCURSAL, COD_USUARIO_PEDIDO, COMENTARIO, COD_ESTADO_PEDIDO, COD_TIPO_TURNO) 
VALUES ('PE001', TO_DATE('2022-09-23', 'YYYY-MM-DD'), 'SU001', 'MRODAS', NULL, 'EP004', 'TT001');

INSERT INTO PEDIDO_ENCABEZADO (COD_PEDIDO, FECHA, COD_SUCURSAL, COD_USUARIO_PEDIDO, COMENTARIO, COD_ESTADO_PEDIDO, COD_TIPO_TURNO) 
VALUES ('PE002', TO_DATE('2022-09-23', 'YYYY-MM-DD'), 'SU002', 'GREYES', NULL, 'EP004', 'TT001');

INSERT INTO PEDIDO_ENCABEZADO (COD_PEDIDO, FECHA, COD_SUCURSAL, COD_USUARIO_PEDIDO, COMENTARIO, COD_ESTADO_PEDIDO, COD_TIPO_TURNO) 
VALUES ('PE003', TO_DATE('2022-09-23', 'YYYY-MM-DD'), 'SU003', 'JLOPEZ', NULL, 'EP004', 'TT001');

INSERT INTO PEDIDO_ENCABEZADO (COD_PEDIDO, FECHA, COD_SUCURSAL, COD_USUARIO_PEDIDO, COMENTARIO, COD_ESTADO_PEDIDO, COD_TIPO_TURNO) 
VALUES ('PE004', TO_DATE('2022-09-23', 'YYYY-MM-DD'), 'SU004', 'JULOPEZ', NULL, 'EP004', 'TT001');

INSERT INTO PEDIDO_ENCABEZADO (COD_PEDIDO, FECHA, COD_SUCURSAL, COD_USUARIO_PEDIDO, COMENTARIO, COD_ESTADO_PEDIDO, COD_TIPO_TURNO) 
VALUES ('PE005', TO_DATE('2022-09-23', 'YYYY-MM-DD'), 'SU005', 'MREYES', NULL, 'EP004', 'TT001');


--PRODUCCION DETALLE MATERIAL UTILIZADO
INSERT INTO PRODUCCION_DETALLE_MATERIAL_UTILIZADO (COD_PRODUCCION, COD_PRODUCTO_MATERIAL, CANTIDAD) 
VALUES (3, 'MA001', CAST(197.0000 AS NUMBER(18, 4)));

INSERT INTO PRODUCCION_DETALLE_MATERIAL_UTILIZADO (COD_PRODUCCION, COD_PRODUCTO_MATERIAL, CANTIDAD) 
VALUES (3, 'MA002', CAST(197.0000 AS NUMBER(18, 4)));

INSERT INTO PRODUCCION_DETALLE_MATERIAL_UTILIZADO (COD_PRODUCCION, COD_PRODUCTO_MATERIAL, CANTIDAD) 
VALUES (3, 'MA003', CAST(18.7000 AS NUMBER(18, 4)));

INSERT INTO PRODUCCION_DETALLE_MATERIAL_UTILIZADO (COD_PRODUCCION, COD_PRODUCTO_MATERIAL, CANTIDAD) 
VALUES (3, 'MA004', CAST(197.0000 AS NUMBER(18, 4)));

INSERT INTO PRODUCCION_DETALLE_MATERIAL_UTILIZADO (COD_PRODUCCION, COD_PRODUCTO_MATERIAL, CANTIDAD) 
VALUES (3, 'MA005', CAST(10.2000 AS NUMBER(18, 4)));

INSERT INTO PRODUCCION_DETALLE_MATERIAL_UTILIZADO (COD_PRODUCCION, COD_PRODUCTO_MATERIAL, CANTIDAD) 
VALUES (3, 'MA006', CAST(19.7000 AS NUMBER(18, 4)));

INSERT INTO PRODUCCION_DETALLE_MATERIAL_UTILIZADO (COD_PRODUCCION, COD_PRODUCTO_MATERIAL, CANTIDAD) 
VALUES (3, 'MA007', CAST(19.7000 AS NUMBER(18, 4)));

INSERT INTO PRODUCCION_DETALLE_MATERIAL_UTILIZADO (COD_PRODUCCION, COD_PRODUCTO_MATERIAL, CANTIDAD) 
VALUES (3, 'MA008', CAST(197.0000 AS NUMBER(18, 4)));

INSERT INTO PRODUCCION_DETALLE_MATERIAL_UTILIZADO (COD_PRODUCCION, COD_PRODUCTO_MATERIAL, CANTIDAD) 
VALUES (3, 'MA009', CAST(19.7000 AS NUMBER(18, 4)));

INSERT INTO PRODUCCION_DETALLE_MATERIAL_UTILIZADO (COD_PRODUCCION, COD_PRODUCTO_MATERIAL, CANTIDAD) 
VALUES (3, 'MA010', CAST(197.0000 AS NUMBER(18, 4)));


--PRODUCCION DETALLE PEDIDO
INSERT INTO PRODUCCION_DETALLE_PEDIDO (COD_PRODUCCION, COD_PEDIDO) 
VALUES (3, 'PE001');

--DETALLE PRODUCTO FINAL
INSERT INTO PRODUCCION_DETALLE_PRODUCTO_FINAL (COD_PRODUCCION, COD_PRODUCTO_FINAL, CANTIDAD) 
VALUES (3, 'PF002', CAST(300.0000 AS NUMBER(18, 4)));

INSERT INTO PRODUCCION_DETALLE_PRODUCTO_FINAL (COD_PRODUCCION, COD_PRODUCTO_FINAL, CANTIDAD) 
VALUES (3, 'PF003', CAST(80.0000 AS NUMBER(18, 4)));

INSERT INTO PRODUCCION_DETALLE_PRODUCTO_FINAL (COD_PRODUCCION, COD_PRODUCTO_FINAL, CANTIDAD) 
VALUES (3, 'PF004', CAST(600.0000 AS NUMBER(18, 4)));

INSERT INTO PRODUCCION_DETALLE_PRODUCTO_FINAL (COD_PRODUCCION, COD_PRODUCTO_FINAL, CANTIDAD) 
VALUES (3, 'PF005', CAST(300.0000 AS NUMBER(18, 4)));

INSERT INTO PRODUCCION_DETALLE_PRODUCTO_FINAL (COD_PRODUCCION, COD_PRODUCTO_FINAL, CANTIDAD) 
VALUES (3, 'PF006', CAST(20.0000 AS NUMBER(18, 4)));

INSERT INTO PRODUCCION_DETALLE_PRODUCTO_FINAL (COD_PRODUCCION, COD_PRODUCTO_FINAL, CANTIDAD) 
VALUES (3, 'PF007', CAST(20.0000 AS NUMBER(18, 4)));

INSERT INTO PRODUCCION_DETALLE_PRODUCTO_FINAL (COD_PRODUCCION, COD_PRODUCTO_FINAL, CANTIDAD) 
VALUES (3, 'PF008', CAST(150.0000 AS NUMBER(18, 4)));

INSERT INTO PRODUCCION_DETALLE_PRODUCTO_FINAL (COD_PRODUCCION, COD_PRODUCTO_FINAL, CANTIDAD) 
VALUES (3, 'PF009', CAST(200.0000 AS NUMBER(18, 4)));


--PRODUCCION_ENCABEZADO
INSERT INTO PRODUCCION_ENCABEZADO (FECHA, COD_USUARIO_PANIFICADOR) 
VALUES (TIMESTAMP '2022-09-28 02:40:26.723', 'JREYES');


--PRODUCTOS
INSERT INTO PRODUCTO (COD_PRODUCTO, DESCRIPCION, EXISTENCIA, COSTO_REFERENCIA, PRECIO, ESTADO, COD_PRODUCTO_CLASE, COD_UNIDAD_MEDIDA) 
VALUES ('MA001', 'Harina de fuerza', CAST(803.0000 AS Number(18, 4)), CAST(10.00 AS Number(18, 2)), CAST(0.00 AS Number(18, 2)), 'A', 'PC002', 'UM002');

INSERT INTO PRODUCTO (COD_PRODUCTO, DESCRIPCION, EXISTENCIA, COSTO_REFERENCIA, PRECIO, ESTADO, COD_PRODUCTO_CLASE, COD_UNIDAD_MEDIDA) 
VALUES ('MA002', 'Harina suave', CAST(803.0000 AS Number(18, 4)), CAST(15.00 AS Number(18, 2)), CAST(0.00 AS Number(18, 2)), 'A', 'PC002', 'UM002');

INSERT INTO PRODUCTO (COD_PRODUCTO, DESCRIPCION, EXISTENCIA, COSTO_REFERENCIA, PRECIO, ESTADO, COD_PRODUCTO_CLASE, COD_UNIDAD_MEDIDA) 
VALUES ('MA003', 'Vinagre', CAST(981.3000 AS Number(18, 4)), CAST(20.00 AS Number(18, 2)), CAST(0.00 AS Number(18, 2)), 'A', 'PC002', 'UM004');

INSERT INTO PRODUCTO (COD_PRODUCTO, DESCRIPCION, EXISTENCIA, COSTO_REFERENCIA, PRECIO, ESTADO, COD_PRODUCTO_CLASE, COD_UNIDAD_MEDIDA) 
VALUES ('MA004', 'Leche', CAST(-97.0000 AS Number(18, 4)), CAST(10.00 AS Number(18, 2)), CAST(0.00 AS Number(18, 2)), 'A', 'PC002', 'UM004');

INSERT INTO PRODUCTO (COD_PRODUCTO, DESCRIPCION, EXISTENCIA, COSTO_REFERENCIA, PRECIO, ESTADO, COD_PRODUCTO_CLASE, COD_UNIDAD_MEDIDA) 
VALUES ('MA005', 'Jugo de fruta', CAST(89.8000 AS Number(18, 4)), CAST(5.00 AS Number(18, 2)), CAST(0.00 AS Number(18, 2)), 'A', 'PC002', 'UM004');

INSERT INTO PRODUCTO (COD_PRODUCTO, DESCRIPCION, EXISTENCIA, COSTO_REFERENCIA, PRECIO, ESTADO, COD_PRODUCTO_CLASE, COD_UNIDAD_MEDIDA) 
VALUES ('MA006', 'Levadura fresca', CAST(80.3000 AS Number(18, 4)), CAST(10.00 AS Number(18, 2)), CAST(0.00 AS Number(18, 2)), 'A', 'PC002', 'UM002');

INSERT INTO PRODUCTO (COD_PRODUCTO, DESCRIPCION, EXISTENCIA, COSTO_REFERENCIA, PRECIO, ESTADO, COD_PRODUCTO_CLASE, COD_UNIDAD_MEDIDA) 
VALUES ('MA007', 'Levadura seca', CAST(80.3000 AS Number(18, 4)), CAST(10.00 AS Number(18, 2)), CAST(0.00 AS Number(18, 2)), 'A', 'PC002', 'UM002');

INSERT INTO PRODUCTO (COD_PRODUCTO, DESCRIPCION, EXISTENCIA, COSTO_REFERENCIA, PRECIO, ESTADO, COD_PRODUCTO_CLASE, COD_UNIDAD_MEDIDA) 
VALUES ('MA008', 'Azúcar', CAST(803.0000 AS Number(18, 4)), CAST(5.00 AS Number(18, 2)), CAST(0.00 AS Number(18, 2)), 'A', 'PC002', 'UM002');

INSERT INTO PRODUCTO (COD_PRODUCTO, DESCRIPCION, EXISTENCIA, COSTO_REFERENCIA, PRECIO, ESTADO, COD_PRODUCTO_CLASE, COD_UNIDAD_MEDIDA) 
VALUES ('MA009', 'Sal', CAST(80.3000 AS Number(18, 4)), CAST(5.00 AS Number(18, 2)), CAST(0.00 AS Number(18, 2)), 'A', 'PC002', 'UM002');

INSERT INTO PRODUCTO (COD_PRODUCTO, DESCRIPCION, EXISTENCIA, COSTO_REFERENCIA, PRECIO, ESTADO, COD_PRODUCTO_CLASE, COD_UNIDAD_MEDIDA) 
VALUES ('MA010', 'Huevo', CAST(9803.0000 AS Number(18, 4)), CAST(1.00 AS Number(18, 2)), CAST(0.00 AS Number(18, 2)), 'A', 'PC002', 'UM001');

INSERT INTO PRODUCTO (COD_PRODUCTO, DESCRIPCION, EXISTENCIA, COSTO_REFERENCIA, PRECIO, ESTADO, COD_PRODUCTO_CLASE, COD_UNIDAD_MEDIDA) 
VALUES ('PF001', 'Cubos', CAST(0.0000 AS Number(18, 4)), CAST(0.00 AS Number(18, 2)), CAST(1.00 AS Number(18, 2)), 'A', 'PC001', 'UM001');

INSERT INTO PRODUCTO (COD_PRODUCTO, DESCRIPCION, EXISTENCIA, COSTO_REFERENCIA, PRECIO, ESTADO, COD_PRODUCTO_CLASE, COD_UNIDAD_MEDIDA) 
VALUES ('PF002', 'Especial', CAST(0.0000 AS Number(18, 4)), CAST(0.00 AS Number(18, 2)), CAST(5.00 AS Number(18, 2)), 'A', 'PC001', 'UM001');

INSERT INTO PRODUCTO (COD_PRODUCTO, DESCRIPCION, EXISTENCIA, COSTO_REFERENCIA, PRECIO, ESTADO, COD_PRODUCTO_CLASE, COD_UNIDAD_MEDIDA) 
VALUES ('PF003', 'Francés', CAST(0.0000 AS Number(18, 4)), CAST(0.00 AS Number(18, 2)), CAST(1.00 AS Number(18, 2)), 'A', 'PC001', 'UM001');

INSERT INTO PRODUCTO (COD_PRODUCTO, DESCRIPCION, EXISTENCIA, COSTO_REFERENCIA, PRECIO, ESTADO, COD_PRODUCTO_CLASE, COD_UNIDAD_MEDIDA) 
VALUES ('PF004', 'Alemán', CAST(0.0000 AS Number(18, 4)), CAST(0.00 AS Number(18, 2)), CAST(1.00 AS Number(18, 2)), 'A', 'PC001', 'UM001');

INSERT INTO PRODUCTO (COD_PRODUCTO, DESCRIPCION, EXISTENCIA, COSTO_REFERENCIA, PRECIO, ESTADO, COD_PRODUCTO_CLASE, COD_UNIDAD_MEDIDA) 
VALUES ('PF005', 'Cachos', CAST(0.0000 AS Number(18, 4)), CAST(0.00 AS Number(18, 2)), CAST(1.00 AS Number(18, 2)), 'A', 'PC001', 'UM001');

INSERT INTO PRODUCTO (COD_PRODUCTO, DESCRIPCION, EXISTENCIA, COSTO_REFERENCIA, PRECIO, ESTADO, COD_PRODUCTO_CLASE, COD_UNIDAD_MEDIDA) 
VALUES ('PF006', 'Cortadas', CAST(0.0000 AS Number(18, 4)), CAST(0.00 AS Number(18, 2)), CAST(1.00 AS Number(18, 2)), 'A', 'PC001', 'UM001');

INSERT INTO PRODUCTO (COD_PRODUCTO, DESCRIPCION, EXISTENCIA, COSTO_REFERENCIA, PRECIO, ESTADO, COD_PRODUCTO_CLASE, COD_UNIDAD_MEDIDA) 
VALUES ('PF007', 'Batidas', CAST(0.0000 AS Number(18, 4)), CAST(0.00 AS Number(18, 2)), CAST(1.00 AS Number(18, 2)), 'A', 'PC001', 'UM001');

INSERT INTO PRODUCTO (COD_PRODUCTO, DESCRIPCION, EXISTENCIA, COSTO_REFERENCIA, PRECIO, ESTADO, COD_PRODUCTO_CLASE, COD_UNIDAD_MEDIDA) 
VALUES ('PF008', 'Campechanas', CAST(0.0000 AS Number(18, 4)), CAST(0.00 AS Number(18, 2)), CAST(1.00 AS Number(18, 2)), 'A', 'PC001', 'UM001');

INSERT INTO PRODUCTO (COD_PRODUCTO, DESCRIPCION, EXISTENCIA, COSTO_REFERENCIA, PRECIO, ESTADO, COD_PRODUCTO_CLASE, COD_UNIDAD_MEDIDA) 
VALUES ('PF009', 'Shecas', CAST(0.0000 AS Number(18, 4)), CAST(0.00 AS Number(18, 2)), CAST(1.00 AS Number(18, 2)), 'A', 'PC001', 'UM001');


--TIPOS DE PRODUCTO
INSERT INTO PRODUCTO_CLASE (COD_PRODUCTO_CLASE, DESCRIPCION, ESTADO) 
VALUES ('PC001', 'Producto final', 'A');

INSERT INTO PRODUCTO_CLASE (COD_PRODUCTO_CLASE, DESCRIPCION, ESTADO) 
VALUES ('PC002', 'Producto materiales', 'A');

 
--PUESTO
INSERT INTO PUESTO (COD_PUESTO, NOMBRE, DESCRIPCION, ESTADO, FECHA_CREACION) 
VALUES ('PU001', 'GERENTE GENERAL', 'Llevar el control de producción', 'A', TO_TIMESTAMP('2022-09-23 22:00:00.000', 'YYYY-MM-DD HH24:MI:SS.FF'));

INSERT INTO PUESTO (COD_PUESTO, NOMBRE, DESCRIPCION, ESTADO, FECHA_CREACION) 
VALUES ('PU002', 'PANIFICADOR', 'Producir el pan que se le solicite.', 'A', TO_TIMESTAMP('2022-09-23 22:00:00.000', 'YYYY-MM-DD HH24:MI:SS.FF'));

INSERT INTO PUESTO (COD_PUESTO, NOMBRE, DESCRIPCION, ESTADO, FECHA_CREACION) 
VALUES ('PU003', 'REPARTIDOR', 'Distribuir el pan que piden las sucursales.', 'A', TO_TIMESTAMP('2022-09-23 22:00:00.000', 'YYYY-MM-DD HH24:MI:SS.FF'));

INSERT INTO PUESTO (COD_PUESTO, NOMBRE, DESCRIPCION, ESTADO, FECHA_CREACION) 
VALUES ('PU004', 'ENCARGADO SUCURSAL', 'Vender pan al cliente final y realizar pedidos a central de producción.', 'A', TO_TIMESTAMP('2022-09-23 22:00:00.000', 'YYYY-MM-DD HH24:MI:SS.FF'));


--RECETA DETALLE
INSERT INTO RECETA_DETALLE (COD_RECETA, COD_PRODUCTO_MATERIAL, CANTIDAD, ESTADO) 
VALUES ('RE001', 'MA001', CAST(0.1000 AS Number(18, 4)), 'A');

INSERT INTO RECETA_DETALLE (COD_RECETA, COD_PRODUCTO_MATERIAL, CANTIDAD, ESTADO) 
VALUES ('RE001', 'MA002', CAST(0.1000 AS Number(18, 4)), 'A');

INSERT INTO RECETA_DETALLE (COD_RECETA, COD_PRODUCTO_MATERIAL, CANTIDAD, ESTADO) 
VALUES ('RE001', 'MA003', CAST(0.0100 AS Number(18, 4)), 'A');

INSERT INTO RECETA_DETALLE (COD_RECETA, COD_PRODUCTO_MATERIAL, CANTIDAD, ESTADO) 
VALUES ('RE001', 'MA004', CAST(0.1000 AS Number(18, 4)), 'A');

INSERT INTO RECETA_DETALLE (COD_RECETA, COD_PRODUCTO_MATERIAL, CANTIDAD, ESTADO) 
VALUES ('RE001', 'MA005', CAST(0.0100 AS Number(18, 4)), 'A');

INSERT INTO RECETA_DETALLE (COD_RECETA, COD_PRODUCTO_MATERIAL, CANTIDAD, ESTADO) 
VALUES ('RE001', 'MA006', CAST(0.0100 AS Number(18, 4)), 'A');

INSERT INTO RECETA_DETALLE (COD_RECETA, COD_PRODUCTO_MATERIAL, CANTIDAD, ESTADO) 
VALUES ('RE001', 'MA007', CAST(0.0100 AS Number(18, 4)), 'A');

INSERT INTO RECETA_DETALLE (COD_RECETA, COD_PRODUCTO_MATERIAL, CANTIDAD, ESTADO) 
VALUES ('RE001', 'MA008', CAST(0.1000 AS Number(18, 4)), 'A');

INSERT INTO RECETA_DETALLE (COD_RECETA, COD_PRODUCTO_MATERIAL, CANTIDAD, ESTADO) 
VALUES ('RE001', 'MA009', CAST(0.0100 AS Number(18, 4)), 'A');

INSERT INTO RECETA_DETALLE (COD_RECETA, COD_PRODUCTO_MATERIAL, CANTIDAD, ESTADO) 
VALUES ('RE001', 'MA010', CAST(0.1000 AS Number(18, 4)), 'A');

INSERT INTO RECETA_DETALLE (COD_RECETA, COD_PRODUCTO_MATERIAL, CANTIDAD, ESTADO) 
VALUES ('RE002', 'MA001', CAST(0.2000 AS Number(18, 4)), 'A');

INSERT INTO RECETA_DETALLE (COD_RECETA, COD_PRODUCTO_MATERIAL, CANTIDAD, ESTADO) 
VALUES ('RE002', 'MA002', CAST(0.2000 AS Number(18, 4)), 'A');

INSERT INTO RECETA_DETALLE (COD_RECETA, COD_PRODUCTO_MATERIAL, CANTIDAD, ESTADO) 
VALUES ('RE002', 'MA003', CAST(0.0200 AS Number(18, 4)), 'A');

INSERT INTO RECETA_DETALLE (COD_RECETA, COD_PRODUCTO_MATERIAL, CANTIDAD, ESTADO) 
VALUES ('RE002', 'MA004', CAST(0.2000 AS Number(18, 4)), 'A');

INSERT INTO RECETA_DETALLE (COD_RECETA, COD_PRODUCTO_MATERIAL, CANTIDAD, ESTADO) 
VALUES ('RE002', 'MA005', CAST(0.0200 AS Number(18, 4)), 'A');

INSERT INTO RECETA_DETALLE (COD_RECETA, COD_PRODUCTO_MATERIAL, CANTIDAD, ESTADO) 
VALUES ('RE002', 'MA006', CAST(0.0200 AS Number(18, 4)), 'A');

INSERT INTO RECETA_DETALLE (COD_RECETA, COD_PRODUCTO_MATERIAL, CANTIDAD, ESTADO) 
VALUES ('RE002', 'MA007', CAST(0.0200 AS Number(18, 4)), 'A');

INSERT INTO RECETA_DETALLE (COD_RECETA, COD_PRODUCTO_MATERIAL, CANTIDAD, ESTADO) 
VALUES ('RE002', 'MA008', CAST(0.2000 AS Number(18, 4)), 'A');

INSERT INTO RECETA_DETALLE (COD_RECETA, COD_PRODUCTO_MATERIAL, CANTIDAD, ESTADO) 
VALUES ('RE002', 'MA009', CAST(0.0200 AS Number(18, 4)), 'A');

INSERT INTO RECETA_DETALLE (COD_RECETA, COD_PRODUCTO_MATERIAL, CANTIDAD, ESTADO) 
VALUES ('RE002', 'MA010', CAST(0.2000 AS Number(18, 4)), 'A');

INSERT INTO RECETA_DETALLE (COD_RECETA, COD_PRODUCTO_MATERIAL, CANTIDAD, ESTADO) 
VALUES ('RE003', 'MA001', CAST(0.1000 AS Number(18, 4)), 'A');

INSERT INTO RECETA_DETALLE (COD_RECETA, COD_PRODUCTO_MATERIAL, CANTIDAD, ESTADO) 
VALUES ('RE003', 'MA002', CAST(0.1000 AS Number(18, 4)), 'A');

INSERT INTO RECETA_DETALLE (COD_RECETA, COD_PRODUCTO_MATERIAL, CANTIDAD, ESTADO) 
VALUES ('RE003', 'MA004', CAST(0.1000 AS Number(18, 4)), 'A');

INSERT INTO RECETA_DETALLE (COD_RECETA, COD_PRODUCTO_MATERIAL, CANTIDAD, ESTADO) 
VALUES ('RE003', 'MA005', CAST(0.0100 AS Number(18, 4)), 'A');

INSERT INTO RECETA_DETALLE (COD_RECETA, COD_PRODUCTO_MATERIAL, CANTIDAD, ESTADO) 
VALUES ('RE003', 'MA006', CAST(0.0100 AS Number(18, 4)), 'A');

INSERT INTO RECETA_DETALLE (COD_RECETA, COD_PRODUCTO_MATERIAL, CANTIDAD, ESTADO) 
VALUES ('RE003', 'MA007', CAST(0.0100 AS Number(18, 4)), 'A');

INSERT INTO RECETA_DETALLE (COD_RECETA, COD_PRODUCTO_MATERIAL, CANTIDAD, ESTADO) 
VALUES ('RE003', 'MA008', CAST(0.1000 AS Number(18, 4)), 'A');

INSERT INTO RECETA_DETALLE (COD_RECETA, COD_PRODUCTO_MATERIAL, CANTIDAD, ESTADO) 
VALUES ('RE003', 'MA009', CAST(0.0100 AS Number(18, 4)), 'A');

INSERT INTO RECETA_DETALLE (COD_RECETA, COD_PRODUCTO_MATERIAL, CANTIDAD, ESTADO) 
VALUES ('RE003', 'MA010', CAST(0.1000 AS Number(18, 4)), 'A');

INSERT INTO RECETA_DETALLE (COD_RECETA, COD_PRODUCTO_MATERIAL, CANTIDAD, ESTADO) 
VALUES ('RE004', 'MA001', CAST(0.1000 AS Number(18, 4)), 'A');

INSERT INTO RECETA_DETALLE (COD_RECETA, COD_PRODUCTO_MATERIAL, CANTIDAD, ESTADO) 
VALUES ('RE004', 'MA002', CAST(0.1000 AS Number(18, 4)), 'A');

INSERT INTO RECETA_DETALLE (COD_RECETA, COD_PRODUCTO_MATERIAL, CANTIDAD, ESTADO) 
VALUES ('RE004', 'MA003', CAST(0.0100 AS Number(18, 4)), 'A');

INSERT INTO RECETA_DETALLE (COD_RECETA, COD_PRODUCTO_MATERIAL, CANTIDAD, ESTADO) 
VALUES ('RE004', 'MA004', CAST(0.1000 AS Number(18, 4)), 'A');

INSERT INTO RECETA_DETALLE (COD_RECETA, COD_PRODUCTO_MATERIAL, CANTIDAD, ESTADO) 
VALUES ('RE004', 'MA006', CAST(0.0100 AS Number(18, 4)), 'A');

INSERT INTO RECETA_DETALLE (COD_RECETA, COD_PRODUCTO_MATERIAL, CANTIDAD, ESTADO) 
VALUES ('RE004', 'MA007', CAST(0.0100 AS Number(18, 4)), 'A');

INSERT INTO RECETA_DETALLE (COD_RECETA, COD_PRODUCTO_MATERIAL, CANTIDAD, ESTADO) 
VALUES ('RE004', 'MA008', CAST(0.1000 AS Number(18, 4)), 'A');

INSERT INTO RECETA_DETALLE (COD_RECETA, COD_PRODUCTO_MATERIAL, CANTIDAD, ESTADO) 
VALUES ('RE004', 'MA009', CAST(0.0100 AS Number(18, 4)), 'A');

INSERT INTO RECETA_DETALLE (COD_RECETA, COD_PRODUCTO_MATERIAL, CANTIDAD, ESTADO) 
VALUES ('RE004', 'MA010', CAST(0.1000 AS Number(18, 4)), 'A');

INSERT INTO RECETA_DETALLE (COD_RECETA, COD_PRODUCTO_MATERIAL, CANTIDAD, ESTADO) 
VALUES ('RE005', 'MA001', CAST(0.1000 AS Number(18, 4)), 'A');

INSERT INTO RECETA_DETALLE (COD_RECETA, COD_PRODUCTO_MATERIAL, CANTIDAD, ESTADO) 
VALUES ('RE005', 'MA002', CAST(0.1000 AS Number(18, 4)), 'A');

INSERT INTO RECETA_DETALLE (COD_RECETA, COD_PRODUCTO_MATERIAL, CANTIDAD, ESTADO) 
VALUES ('RE005', 'MA003', CAST(0.0100 AS Number(18, 4)), 'A');

INSERT INTO RECETA_DETALLE (COD_RECETA, COD_PRODUCTO_MATERIAL, CANTIDAD, ESTADO) 
VALUES ('RE005', 'MA004', CAST(0.1000 AS Number(18, 4)), 'A');

INSERT INTO RECETA_DETALLE (COD_RECETA, COD_PRODUCTO_MATERIAL, CANTIDAD, ESTADO) 
VALUES ('RE005', 'MA005', CAST(0.0100 AS Number(18, 4)), 'A');

INSERT INTO RECETA_DETALLE (COD_RECETA, COD_PRODUCTO_MATERIAL, CANTIDAD, ESTADO) 
VALUES ('RE005', 'MA006', CAST(0.0100 AS Number(18, 4)), 'A');

INSERT INTO RECETA_DETALLE (COD_RECETA, COD_PRODUCTO_MATERIAL, CANTIDAD, ESTADO) 
VALUES ('RE005', 'MA007', CAST(0.0100 AS Number(18, 4)), 'A');

INSERT INTO RECETA_DETALLE (COD_RECETA, COD_PRODUCTO_MATERIAL, CANTIDAD, ESTADO) 
VALUES ('RE005', 'MA008', CAST(0.1000 AS Number(18, 4)), 'A');

INSERT INTO RECETA_DETALLE (COD_RECETA, COD_PRODUCTO_MATERIAL, CANTIDAD, ESTADO) 
VALUES ('RE005', 'MA009', CAST(0.0100 AS Number(18, 4)), 'A');

INSERT INTO RECETA_DETALLE (COD_RECETA, COD_PRODUCTO_MATERIAL, CANTIDAD, ESTADO) 
VALUES ('RE005', 'MA010', CAST(0.1000 AS Number(18, 4)), 'A');

INSERT INTO RECETA_DETALLE (COD_RECETA, COD_PRODUCTO_MATERIAL, CANTIDAD, ESTADO) 
VALUES ('RE006', 'MA001', CAST(0.1000 AS Number(18, 4)), 'A');

INSERT INTO RECETA_DETALLE (COD_RECETA, COD_PRODUCTO_MATERIAL, CANTIDAD, ESTADO) 
VALUES ('RE006', 'MA002', CAST(0.1000 AS Number(18, 4)), 'A');

INSERT INTO RECETA_DETALLE (COD_RECETA, COD_PRODUCTO_MATERIAL, CANTIDAD, ESTADO) 
VALUES ('RE006', 'MA004', CAST(0.1000 AS Number(18, 4)), 'A');

INSERT INTO RECETA_DETALLE (COD_RECETA, COD_PRODUCTO_MATERIAL, CANTIDAD, ESTADO) 
VALUES ('RE006', 'MA005', CAST(0.0100 AS Number(18, 4)), 'A');

INSERT INTO RECETA_DETALLE (COD_RECETA, COD_PRODUCTO_MATERIAL, CANTIDAD, ESTADO) 
VALUES ('RE006', 'MA006', CAST(0.0100 AS Number(18, 4)), 'A');

INSERT INTO RECETA_DETALLE (COD_RECETA, COD_PRODUCTO_MATERIAL, CANTIDAD, ESTADO) 
VALUES ('RE006', 'MA007', CAST(0.0100 AS Number(18, 4)), 'A');

INSERT INTO RECETA_DETALLE (COD_RECETA, COD_PRODUCTO_MATERIAL, CANTIDAD, ESTADO) 
VALUES ('RE006', 'MA008', CAST(0.1000 AS Number(18, 4)), 'A');

INSERT INTO RECETA_DETALLE (COD_RECETA, COD_PRODUCTO_MATERIAL, CANTIDAD, ESTADO) 
VALUES ('RE006', 'MA009', CAST(0.0100 AS Number(18, 4)), 'A');

INSERT INTO RECETA_DETALLE (COD_RECETA, COD_PRODUCTO_MATERIAL, CANTIDAD, ESTADO) 
VALUES ('RE006', 'MA010', CAST(0.1000 AS Number(18, 4)), 'A');

INSERT INTO RECETA_DETALLE (COD_RECETA, COD_PRODUCTO_MATERIAL, CANTIDAD, ESTADO) 
VALUES ('RE007', 'MA001', CAST(0.1000 AS Number(18, 4)), 'A');

INSERT INTO RECETA_DETALLE (COD_RECETA, COD_PRODUCTO_MATERIAL, CANTIDAD, ESTADO) 
VALUES ('RE007', 'MA002', CAST(0.1000 AS Number(18, 4)), 'A');

INSERT INTO RECETA_DETALLE (COD_RECETA, COD_PRODUCTO_MATERIAL, CANTIDAD, ESTADO) 
VALUES ('RE007', 'MA003', CAST(0.0100 AS Number(18, 4)), 'A');

INSERT INTO RECETA_DETALLE (COD_RECETA, COD_PRODUCTO_MATERIAL, CANTIDAD, ESTADO) 
VALUES ('RE007', 'MA004', CAST(0.1000 AS Number(18, 4)), 'A');

INSERT INTO RECETA_DETALLE (COD_RECETA, COD_PRODUCTO_MATERIAL, CANTIDAD, ESTADO) 
VALUES ('RE007', 'MA005', CAST(0.0100 AS Number(18, 4)), 'A');

INSERT INTO RECETA_DETALLE (COD_RECETA, COD_PRODUCTO_MATERIAL, CANTIDAD, ESTADO) 
VALUES ('RE007', 'MA006', CAST(0.0100 AS Number(18, 4)), 'A');

INSERT INTO RECETA_DETALLE (COD_RECETA, COD_PRODUCTO_MATERIAL, CANTIDAD, ESTADO) 
VALUES ('RE007', 'MA007', CAST(0.0100 AS Number(18, 4)), 'A');

INSERT INTO RECETA_DETALLE (COD_RECETA, COD_PRODUCTO_MATERIAL, CANTIDAD, ESTADO) 
VALUES ('RE007', 'MA008', CAST(0.1000 AS Number(18, 4)), 'A');

INSERT INTO RECETA_DETALLE (COD_RECETA, COD_PRODUCTO_MATERIAL, CANTIDAD, ESTADO) 
VALUES ('RE007', 'MA009', CAST(0.0100 AS Number(18, 4)), 'A');

INSERT INTO RECETA_DETALLE (COD_RECETA, COD_PRODUCTO_MATERIAL, CANTIDAD, ESTADO) 
VALUES ('RE007', 'MA010', CAST(0.1000 AS Number(18, 4)), 'A');

INSERT INTO RECETA_DETALLE (COD_RECETA, COD_PRODUCTO_MATERIAL, CANTIDAD, ESTADO) 
VALUES ('RE008', 'MA001', CAST(0.1000 AS Number(18, 4)), 'A');

INSERT INTO RECETA_DETALLE (COD_RECETA, COD_PRODUCTO_MATERIAL, CANTIDAD, ESTADO) 
VALUES ('RE008', 'MA002', CAST(0.1000 AS Number(18, 4)), 'A');

INSERT INTO RECETA_DETALLE (COD_RECETA, COD_PRODUCTO_MATERIAL, CANTIDAD, ESTADO) 
VALUES ('RE008', 'MA003', CAST(0.0100 AS Number(18, 4)), 'A');

INSERT INTO RECETA_DETALLE (COD_RECETA, COD_PRODUCTO_MATERIAL, CANTIDAD, ESTADO) 
VALUES ('RE008', 'MA004', CAST(0.1000 AS Number(18, 4)), 'A');

INSERT INTO RECETA_DETALLE (COD_RECETA, COD_PRODUCTO_MATERIAL, CANTIDAD, ESTADO) 
VALUES ('RE008', 'MA006', CAST(0.0100 AS Number(18, 4)), 'A');

INSERT INTO RECETA_DETALLE (COD_RECETA, COD_PRODUCTO_MATERIAL, CANTIDAD, ESTADO) 
VALUES ('RE008', 'MA007', CAST(0.0100 AS Number(18, 4)), 'A');

INSERT INTO RECETA_DETALLE (COD_RECETA, COD_PRODUCTO_MATERIAL, CANTIDAD, ESTADO) 
VALUES ('RE008', 'MA008', CAST(0.1000 AS Number(18, 4)), 'A');

INSERT INTO RECETA_DETALLE (COD_RECETA, COD_PRODUCTO_MATERIAL, CANTIDAD, ESTADO) 
VALUES ('RE008', 'MA009', CAST(0.0100 AS Number(18, 4)), 'A');

INSERT INTO RECETA_DETALLE (COD_RECETA, COD_PRODUCTO_MATERIAL, CANTIDAD, ESTADO) 
VALUES ('RE008', 'MA010', CAST(0.1000 AS Number(18, 4)), 'A');

INSERT INTO RECETA_DETALLE (COD_RECETA, COD_PRODUCTO_MATERIAL, CANTIDAD, ESTADO) 
VALUES ('RE009', 'MA001', CAST(0.1000 AS Number(18, 4)), 'A');

INSERT INTO RECETA_DETALLE (COD_RECETA, COD_PRODUCTO_MATERIAL, CANTIDAD, ESTADO) 
VALUES ('RE009', 'MA002', CAST(0.1000 AS Number(18, 4)), 'A');

INSERT INTO RECETA_DETALLE (COD_RECETA, COD_PRODUCTO_MATERIAL, CANTIDAD, ESTADO) 
VALUES ('RE009', 'MA003', CAST(0.0100 AS Number(18, 4)), 'A');

INSERT INTO RECETA_DETALLE (COD_RECETA, COD_PRODUCTO_MATERIAL, CANTIDAD, ESTADO) 
VALUES ('RE009', 'MA004', CAST(0.1000 AS Number(18, 4)), 'A');

INSERT INTO RECETA_DETALLE (COD_RECETA, COD_PRODUCTO_MATERIAL, CANTIDAD, ESTADO) 
VALUES ('RE009', 'MA006', CAST(0.0100 AS Number(18, 4)), 'A');

INSERT INTO RECETA_DETALLE (COD_RECETA, COD_PRODUCTO_MATERIAL, CANTIDAD, ESTADO) 
VALUES ('RE009', 'MA007', CAST(0.0100 AS Number(18, 4)), 'A');

INSERT INTO RECETA_DETALLE (COD_RECETA, COD_PRODUCTO_MATERIAL, CANTIDAD, ESTADO) 
VALUES ('RE009', 'MA008', CAST(0.1000 AS Number(18, 4)), 'A');

INSERT INTO RECETA_DETALLE (COD_RECETA, COD_PRODUCTO_MATERIAL, CANTIDAD, ESTADO) 
VALUES ('RE009', 'MA009', CAST(0.0100 AS Number(18, 4)), 'A');

INSERT INTO RECETA_DETALLE (COD_RECETA, COD_PRODUCTO_MATERIAL, CANTIDAD, ESTADO) 
VALUES ('RE009', 'MA010', CAST(0.1000 AS Number(18, 4)), 'A');

 
 --RECETA ENCABEZADO
INSERT INTO RECETA_ENCABEZADO (COD_RECETA, COD_PRODUCTO_FINAL, DESCRIPCION, ESTADO) 
VALUES ('RE001', 'PF001', 'Receta tradicional Cubos', 'A');

INSERT INTO RECETA_ENCABEZADO (COD_RECETA, COD_PRODUCTO_FINAL, DESCRIPCION, ESTADO) 
VALUES ('RE002', 'PF002', 'Receta tradicional Pan Especial', 'A');

INSERT INTO RECETA_ENCABEZADO (COD_RECETA, COD_PRODUCTO_FINAL, DESCRIPCION, ESTADO) 
VALUES ('RE003', 'PF003', 'Receta tradicional Francés', 'A');

INSERT INTO RECETA_ENCABEZADO (COD_RECETA, COD_PRODUCTO_FINAL, DESCRIPCION, ESTADO) 
VALUES ('RE004', 'PF004', 'Receta tradicional Pan Alemán', 'A');

INSERT INTO RECETA_ENCABEZADO (COD_RECETA, COD_PRODUCTO_FINAL, DESCRIPCION, ESTADO) 
VALUES ('RE005', 'PF005', 'Receta tradicional Cachos', 'A');

INSERT INTO RECETA_ENCABEZADO (COD_RECETA, COD_PRODUCTO_FINAL, DESCRIPCION, ESTADO) 
VALUES ('RE006', 'PF006', 'Receta tradicional Cortadas', 'A');

INSERT INTO RECETA_ENCABEZADO (COD_RECETA, COD_PRODUCTO_FINAL, DESCRIPCION, ESTADO) 
VALUES ('RE007', 'PF007', 'Receta tradicional Batidas', 'A');

INSERT INTO RECETA_ENCABEZADO (COD_RECETA, COD_PRODUCTO_FINAL, DESCRIPCION, ESTADO) 
VALUES ('RE008', 'PF008', 'Receta tradicional Campechanas', 'A');

INSERT INTO RECETA_ENCABEZADO (COD_RECETA, COD_PRODUCTO_FINAL, DESCRIPCION, ESTADO) 
VALUES ('RE009', 'PF009', 'Receta tradicional Shecas', 'A');


--RUTA
INSERT INTO RUTA (COD_RUTA, NOMBRE, COD_USUARIO_REPARTIDOR, ESTADO) 
VALUES ('RU001', 'RUTA 1', 'JREYES', 'A');

INSERT INTO RUTA (COD_RUTA, NOMBRE, COD_USUARIO_REPARTIDOR, ESTADO) 
VALUES ('RU002', 'RUTA 2', 'JREYES', 'A');

INSERT INTO RUTA (COD_RUTA, NOMBRE, COD_USUARIO_REPARTIDOR, ESTADO) 
VALUES ('RU003', 'RUTA 3', 'JREYES', 'A');

 
 --SUCURSALES
INSERT INTO SUCURSAL (COD_SUCURSAL, NOMBRE, DIRECCION, ESTADO, COD_EMPRESA, COD_RUTA) 
VALUES ('SU001', 'CENTRAL', 'Barrio La Batalla', 'A', 'EM001', 'RU003');

INSERT INTO SUCURSAL (COD_SUCURSAL, NOMBRE, DIRECCION, ESTADO, COD_EMPRESA, COD_RUTA) 
VALUES ('SU002', 'CHIVA', 'Barrio las Casas', 'A', 'EM001', 'RU003');

INSERT INTO SUCURSAL (COD_SUCURSAL, NOMBRE, DIRECCION, ESTADO, COD_EMPRESA, COD_RUTA) 
VALUES ('SU003', 'BARCO', 'Barrio las Conchitas', 'A', 'EM001', 'RU003');

INSERT INTO SUCURSAL (COD_SUCURSAL, NOMBRE, DIRECCION, ESTADO, COD_EMPRESA, COD_RUTA) 
VALUES ('SU004', 'HEYDI', 'Colonia San Antonio', 'A', 'EM001', 'RU003');

INSERT INTO SUCURSAL (COD_SUCURSAL, NOMBRE, DIRECCION, ESTADO, COD_EMPRESA, COD_RUTA) 
VALUES ('SU005', 'TERMINAL', 'Barrio El Rosario', 'A', 'EM001', 'RU003');

 
 --TURNOS
INSERT INTO TIPO_TURNO (COD_TIPO_TURNO, DESCRIPCION, ESTADO) 
VALUES ('TT001', 'MAÑANA', 'A');

INSERT INTO TIPO_TURNO (COD_TIPO_TURNO, DESCRIPCION, ESTADO) 
VALUES ('TT002', 'TARDE', 'A');

INSERT INTO TIPO_TURNO (COD_TIPO_TURNO, DESCRIPCION, ESTADO) 
VALUES ('TT003', 'RESTO', 'A');


--UNIDAD_MEDIDA
INSERT INTO UNIDAD_MEDIDA (COD_UNIDAD_MEDIDA, DESCRIPCION, ESTADO) 
VALUES ('UM001', 'UNIDADES', 'A');

INSERT INTO UNIDAD_MEDIDA (COD_UNIDAD_MEDIDA, DESCRIPCION, ESTADO) 
VALUES ('UM002', 'LIBRAS', 'A');

INSERT INTO UNIDAD_MEDIDA (COD_UNIDAD_MEDIDA, DESCRIPCION, ESTADO) 
VALUES ('UM003', 'GRAMOS', 'A');

INSERT INTO UNIDAD_MEDIDA (COD_UNIDAD_MEDIDA, DESCRIPCION, ESTADO) 
VALUES ('UM004', 'LITROS', 'A');

INSERT INTO UNIDAD_MEDIDA (COD_UNIDAD_MEDIDA, DESCRIPCION, ESTADO) 
VALUES ('UM005', 'TIRA', 'A');

--USUARIOS
INSERT INTO USUARIO (COD_USUARIO, PASSWORD, ESTADO, COD_EMPLEADO) 
VALUES ('AMARROQUIN', '123', 'A', 'EMP002');

INSERT INTO USUARIO (COD_USUARIO, PASSWORD, ESTADO, COD_EMPLEADO) 
VALUES ('GREYES', '123', 'A', 'EMP005');

INSERT INTO USUARIO (COD_USUARIO, PASSWORD, ESTADO, COD_EMPLEADO) 
VALUES ('JLOPEZ', '123', 'A', 'EMP006');

INSERT INTO USUARIO (COD_USUARIO, PASSWORD, ESTADO, COD_EMPLEADO) 
VALUES ('JREYES', '123', 'A', 'EMP003');

INSERT INTO USUARIO (COD_USUARIO, PASSWORD, ESTADO, COD_EMPLEADO) 
VALUES ('JULOPEZ', '123', 'A', 'EMP007');

INSERT INTO USUARIO (COD_USUARIO, PASSWORD, ESTADO, COD_EMPLEADO) 
VALUES ('KGALVEZ', '123', 'A', 'EMP001');

INSERT INTO USUARIO (COD_USUARIO, PASSWORD, ESTADO, COD_EMPLEADO) 
VALUES ('MREYES', '123', 'A', 'EMP008');

INSERT INTO USUARIO (COD_USUARIO, PASSWORD, ESTADO, COD_EMPLEADO) 
VALUES ('MRODAS', '123', 'A', 'EMP004');

DELETE PRODUCCION_DETALLE_PRODUCTO_FINAL;
DELETE PRODUCCION_DETALLE_MATERIAL_UTILIZADO;
DELETE PRODUCCION_DETALLE_PEDIDO;
DELETE PRODUCCION_ENCABEZADO;


-- Agregar restricción por defecto para FECHA_CREACION en EMPRESA
ALTER TABLE EMPRESA
MODIFY FECHA_CREACION DEFAULT SYSDATE;

-- Agregar restricción por defecto para FECHA_CREACION en PUESTO
ALTER TABLE PUESTO
MODIFY FECHA_CREACION DEFAULT SYSDATE;

-- Restricción de clave foránea para COD_EMPRESA en EMPLEADO
ALTER TABLE EMPLEADO
ADD CONSTRAINT FK_CODEMPRESA_EMPRESA
FOREIGN KEY (COD_EMPRESA)
REFERENCES EMPRESA (COD_EMPRESA);

-- Restricción de clave foránea para COD_PUESTO en EMPLEADO
ALTER TABLE EMPLEADO
ADD CONSTRAINT FK_CODPUESTO_PUESTO
FOREIGN KEY (COD_PUESTO)
REFERENCES PUESTO (COD_PUESTO);

-- Restrición de clave foránea para COD_PRODUCTO_FINAL en PEDIDO_DETALLE
ALTER TABLE PEDIDO_DETALLE
ADD CONSTRAINT FK_COD_PRODUCTO_PEDIDO_DETALLE
FOREIGN KEY (COD_PRODUCTO_FINAL)
REFERENCES PRODUCTO (COD_PRODUCTO);

-- Restricción de clave foránea para COD_PEDIDO en PEDIDO_DETALLE
ALTER TABLE PEDIDO_DETALLE
ADD CONSTRAINT FK_CODPEDIDO_PEDIDODETALLE
FOREIGN KEY (COD_PEDIDO)
REFERENCES PEDIDO_ENCABEZADO (COD_PEDIDO);

-- Restricción de clave foránea para COD_ESTADO_PEDIDO en PEDIDO_ENCABEZADO
ALTER TABLE PEDIDO_ENCABEZADO
ADD CONSTRAINT FK_CODESTADOPEDIDO_PEDIDO
FOREIGN KEY (COD_ESTADO_PEDIDO)
REFERENCES ESTADO_PEDIDO (COD_ESTADO_PEDIDO);

-- Restricción de clave foránea para COD_SUCURSAL en PEDIDO_ENCABEZADO
ALTER TABLE PEDIDO_ENCABEZADO
ADD CONSTRAINT FK_CODSUCURSAL_PEDIDO
FOREIGN KEY (COD_SUCURSAL)
REFERENCES SUCURSAL (COD_SUCURSAL);

-- Restricción de clave foránea para COD_USUARIO_PEDIDO en PEDIDO_ENCABEZADO
ALTER TABLE PEDIDO_ENCABEZADO
ADD CONSTRAINT FK_CODUSUARIO_PEDIDO
FOREIGN KEY (COD_USUARIO_PEDIDO)
REFERENCES USUARIO (COD_USUARIO);

-- Restricción de clave foránea para COD_TIPO_TURNO en PEDIDO_ENCABEZADO
ALTER TABLE PEDIDO_ENCABEZADO
ADD CONSTRAINT FK_PEDIDO_ENCABEZADO_TIPO_TURNO
FOREIGN KEY (COD_TIPO_TURNO)
REFERENCES TIPO_TURNO (COD_TIPO_TURNO);

-- Restricción de clave foránea para COD_PRODUCCION en PRODUCCION_DETALLE_MATERIAL_UTILIZADO
ALTER TABLE PRODUCCION_DETALLE_MATERIAL_UTILIZADO
ADD CONSTRAINT FK_CODPRODUCCION_MAT_UTL
FOREIGN KEY (COD_PRODUCCION)
REFERENCES PRODUCCION_ENCABEZADO (COD_PRODUCCION);

-- Restricción de clave foránea para COD_PRODUCTO_MATERIAL en PRODUCCION_DETALLE_MATERIAL_UTILIZADO
ALTER TABLE PRODUCCION_DETALLE_MATERIAL_UTILIZADO
ADD CONSTRAINT FK_CODPRODUCTO_MAT_UTL
FOREIGN KEY (COD_PRODUCTO_MATERIAL)
REFERENCES PRODUCTO (COD_PRODUCTO);

-- Restricción de clave foránea para COD_PRODUCCION en PRODUCCION_DETALLE_PEDIDO
ALTER TABLE PRODUCCION_DETALLE_PEDIDO
ADD CONSTRAINT FK_COD_PRODUCCION_PRODDETALLEPROD
FOREIGN KEY (COD_PRODUCCION)
REFERENCES PRODUCCION_ENCABEZADO (COD_PRODUCCION);

-- Restricción de clave foránea para COD_PEDIDO en PRODUCCION_DETALLE_PEDIDO
ALTER TABLE PRODUCCION_DETALLE_PEDIDO
ADD CONSTRAINT FK_CODPEDIDO_PRODDETALLEPROD
FOREIGN KEY (COD_PEDIDO)
REFERENCES PEDIDO_ENCABEZADO (COD_PEDIDO);

-- Restricción de clave foránea para COD_PRODUCCION en PRODUCCION_DETALLE_PRODUCTO_FINAL
ALTER TABLE PRODUCCION_DETALLE_PRODUCTO_FINAL
ADD CONSTRAINT FK_CODPRODUCCION_PROD_FINAL
FOREIGN KEY (COD_PRODUCCION)
REFERENCES PRODUCCION_ENCABEZADO (COD_PRODUCCION);

-- Restricción de clave foránea para COD_PRODUCTO_FINAL en PRODUCCION_DETALLE_PRODUCTO_FINAL
ALTER TABLE PRODUCCION_DETALLE_PRODUCTO_FINAL
ADD CONSTRAINT FK_CODPRODUCTO_PROD_FINAL
FOREIGN KEY (COD_PRODUCTO_FINAL)
REFERENCES PRODUCTO (COD_PRODUCTO);

-- Restricción de clave foránea para COD_USUARIO_PANIFICADOR en PRODUCCION_ENCABEZADO
ALTER TABLE PRODUCCION_ENCABEZADO
ADD CONSTRAINT FK_CODUSUARIOPANIFICADOR_PRODUCCIONENCABEZADO
FOREIGN KEY (COD_USUARIO_PANIFICADOR)
REFERENCES USUARIO (COD_USUARIO);

-- Restricción de clave foránea para COD_PRODUCTO_CLASE en PRODUCTO
ALTER TABLE PRODUCTO
ADD CONSTRAINT FK_CODPRODUCTOCLASE_PRODUCTOCLASE
FOREIGN KEY (COD_PRODUCTO_CLASE)
REFERENCES PRODUCTO_CLASE (COD_PRODUCTO_CLASE);

-- Restricción de clave foránea para COD_UNIDAD_MEDIDA en PRODUCTO
ALTER TABLE PRODUCTO
ADD CONSTRAINT FK_CODUNIDADMEDIDA_UNIDADMEDIDA
FOREIGN KEY (COD_UNIDAD_MEDIDA)
REFERENCES UNIDAD_MEDIDA (COD_UNIDAD_MEDIDA);

-- Restricción de clave foránea para COD_PRODUCTO_MATERIAL en RECETA_DETALLE
ALTER TABLE RECETA_DETALLE
ADD CONSTRAINT FK_CODPRODUCTOMATERIAL_RECETADETALLE
FOREIGN KEY (COD_PRODUCTO_MATERIAL)
REFERENCES PRODUCTO (COD_PRODUCTO);

-- Restricción de clave foránea para COD_RECETA en RECETA_DETALLE
ALTER TABLE RECETA_DETALLE
ADD CONSTRAINT FK_CODRECETA_RECETAENCABEZADO
FOREIGN KEY (COD_RECETA)
REFERENCES RECETA_ENCABEZADO (COD_RECETA);

-- Restricción de clave foránea para COD_PRODUCTO_FINAL en RECETA_ENCABEZADO
ALTER TABLE RECETA_ENCABEZADO
ADD CONSTRAINT FK_CODPRODUCTOFINAL_RECETAENCACEZADO
FOREIGN KEY (COD_PRODUCTO_FINAL)
REFERENCES PRODUCTO (COD_PRODUCTO);

-- Restricción de clave foránea para COD_USUARIO_REPARTIDOR en RUTA
ALTER TABLE RUTA
ADD CONSTRAINT FK_CODUSUARIOREPARTIDOR_RUTA
FOREIGN KEY (COD_USUARIO_REPARTIDOR)
REFERENCES USUARIO (COD_USUARIO);

-- Restricción de clave foránea para COD_EMPRESA en SUCURSAL
ALTER TABLE SUCURSAL
ADD CONSTRAINT FK_CODEMPRESA_SUCURSAL
FOREIGN KEY (COD_EMPRESA)
REFERENCES EMPRESA (COD_EMPRESA);

-- Restricción de clave foránea para COD_RUTA en SUCURSAL
ALTER TABLE SUCURSAL
ADD CONSTRAINT FK_CODRUTA_SUCURSAL
FOREIGN KEY (COD_RUTA)
REFERENCES RUTA (COD_RUTA);

-- Restricción de clave foránea para COD_EMPLEADO en USUARIO
ALTER TABLE USUARIO
ADD CONSTRAINT FK_CODEMPLEADO_EMPLEADO
FOREIGN KEY (COD_EMPLEADO)
REFERENCES EMPLEADO (COD_EMPLEADO);

COMMIT;